<?xml version="1.0" encoding="UTF-8"?>
<betpress last_update="1571342520">
  <sport id="2" name="Tennis"/>
  <sport id="3" name="Formula 1"/>
  <sport id="4" name="Basketball"/>
  <sport id="5" name="Rugby Union"/>
  <sport id="6" name="Cycling"/>
  <sport id="7" name="Golf"/>
  <sport id="8" name="Volleyball"/>
  <sport id="9" name="Handball"/>
  <sport id="11" name="Cricket"/>
  <sport id="13" name="Ice Hockey"/>
  <sport id="14" name="American Football"/>
  <sport id="15" name="Motorcycling"/>
  <sport id="16" name="Boxing"/>
  <sport id="18" name="Alpine Skiing"/>
  <sport id="20" name="Baseball"/>
  <sport id="21" name="Sailing"/>
  <sport id="24" name="Nascar"/>
  <sport id="52" name="Rugby League"/>
  <sport id="53" name="Darts"/>
  <sport id="54" name="Snooker"/>
  <sport id="55" name="Speedway"/>
  <sport id="56" name="Futsal"/>
  <sport id="61" name="Cross-Country Skiing"/>
  <sport id="62" name="Biathlon"/>
  <sport id="88" name="Bandy"/>
  <sport id="89" name="Floorball"/>
  <sport id="1" name="Football">
    <event id="1" name="Premiership">
      <match id="1" name="Celtic - Ross County" starts="1571493664">
        <bet id="3" name="3Way Result"/>
        <bet id="1" name="Asian Handicap">
          <choice id="154" name="1" odd="1.16"/>
          <choice id="155" name="X" odd="7"/>
          <choice id="156" name="2" odd="16.25"/>
          <choice id="157" name="1" odd="1.12"/>
          <choice id="158" name="X" odd="7.65"/>
          <choice id="159" name="2" odd="17.5"/>
          <choice id="160" name="1" odd="1.17"/>
          <choice id="161" name="X" odd="6.5"/>
          <choice id="162" name="2" odd="17"/>
          <choice id="163" name="1" odd="1.15"/>
          <choice id="164" name="X" odd="7"/>
          <choice id="165" name="2" odd="19"/>
          <choice id="166" name="1" odd="1.12"/>
          <choice id="167" name="X" odd="6.5"/>
          <choice id="168" name="2" odd="18"/>
          <choice id="169" name="1" odd="1.15"/>
          <choice id="170" name="X" odd="7"/>
          <choice id="171" name="2" odd="23"/>
          <choice id="172" name="1" odd="1.16"/>
          <choice id="173" name="X" odd="6.22"/>
          <choice id="174" name="2" odd="14.43"/>
          <choice id="175" name="1" odd="1.14"/>
          <choice id="176" name="X" odd="8"/>
          <choice id="177" name="2" odd="19"/>
        </bet>
        <bet id="2" name="Over/Under"/>
        <bet id="4" name="3Way Result 2nd Half"/>
        <bet id="5" name="Goals Over/Under 1st Half"/>
        <bet id="6" name="Goals Over/Under 2nd Half"/>
        <bet id="7" name="HT/FT Double"/>
        <bet id="8" name="Both Teams To Score"/>
        <bet id="9" name="Handicap Result"/>
        <bet id="10" name="Correct Score"/>
        <bet id="11" name="Highest Scoring Half"/>
        <bet id="12" name="Double Chance">
          <choice id="79" name="Over" odd="1.71"/>
          <choice id="80" name="Under" odd="2.23"/>
          <choice id="81" name="Over" odd="1.84"/>
          <choice id="82" name="Under" odd="2.06"/>
          <choice id="83" name="Over" odd="2.14"/>
          <choice id="84" name="Under" odd="1.77"/>
          <choice id="85" name="Over" odd="1.02"/>
          <choice id="86" name="Under" odd="13"/>
          <choice id="87" name="Over" odd="1.15"/>
          <choice id="88" name="Under" odd="4.75"/>
          <choice id="89" name="Over" odd="1.5"/>
          <choice id="90" name="Under" odd="2.5"/>
          <choice id="91" name="Over" odd="2.25"/>
          <choice id="92" name="Under" odd="1.6"/>
          <choice id="93" name="Over" odd="3.75"/>
          <choice id="94" name="Under" odd="1.25"/>
          <choice id="95" name="Over" odd="7"/>
          <choice id="96" name="Under" odd="1.08"/>
          <choice id="97" name="Over" odd="1.01"/>
          <choice id="98" name="Under" odd="17"/>
          <choice id="99" name="Over" odd="1.14"/>
          <choice id="100" name="Under" odd="5.5"/>
          <choice id="101" name="Over" odd="1.5"/>
          <choice id="102" name="Under" odd="2.55"/>
          <choice id="103" name="Over" odd="2.45"/>
          <choice id="104" name="Under" odd="1.53"/>
          <choice id="105" name="Over" odd="4.33"/>
          <choice id="106" name="Under" odd="1.2"/>
          <choice id="107" name="Over" odd="8"/>
          <choice id="108" name="Under" odd="1.07"/>
          <choice id="109" name="Over" odd="17"/>
          <choice id="110" name="Under" odd="1.01"/>
          <choice id="111" name="Over" odd="41"/>
          <choice id="112" name="Under" odd="1"/>
          <choice id="113" name="Over" odd="81"/>
          <choice id="114" name="Under" odd="1"/>
          <choice id="115" name="Over" odd="101"/>
          <choice id="116" name="Under" odd="1"/>
          <choice id="117" name="Over" odd="1.01"/>
          <choice id="118" name="Under" odd="11.5"/>
          <choice id="119" name="Over" odd="1.17"/>
          <choice id="120" name="Under" odd="4.5"/>
          <choice id="121" name="Over" odd="1.55"/>
          <choice id="122" name="Under" odd="2.3"/>
          <choice id="123" name="Over" odd="2.35"/>
          <choice id="124" name="Under" odd="1.53"/>
          <choice id="125" name="Over" odd="3.9"/>
          <choice id="126" name="Under" odd="1.22"/>
          <choice id="127" name="Over" odd="6.75"/>
          <choice id="128" name="Under" odd="1.07"/>
          <choice id="129" name="Over" odd="1.14"/>
          <choice id="130" name="Under" odd="5"/>
          <choice id="131" name="Over" odd="1.5"/>
          <choice id="132" name="Under" odd="2.5"/>
          <choice id="133" name="Over" odd="2.25"/>
          <choice id="134" name="Under" odd="1.57"/>
          <choice id="135" name="Over" odd="4"/>
          <choice id="136" name="Under" odd="1.22"/>
          <choice id="137" name="Over" odd="1.03"/>
          <choice id="138" name="Under" odd="17"/>
          <choice id="139" name="Over" odd="1.15"/>
          <choice id="140" name="Under" odd="5"/>
          <choice id="141" name="Under" odd="2.45"/>
          <choice id="142" name="Over" odd="1.5"/>
          <choice id="143" name="Under" odd="1.57"/>
          <choice id="144" name="Over" odd="2.25"/>
          <choice id="145" name="Under" odd="1.22"/>
          <choice id="146" name="Over" odd="3.8"/>
          <choice id="147" name="Over" odd="7.5"/>
          <choice id="148" name="Under" odd="1.08"/>
          <choice id="149" name="Over" odd="15"/>
          <choice id="150" name="Under" odd="1.03"/>
          <choice id="151" name="Over" odd="41"/>
          <choice id="152" name="Under" odd="1.01"/>
          <choice id="153" name="Over" odd="91"/>
        </bet>
        <bet id="13" name="3Way Result 1st Half"/>
        <bet id="14" name="Total - Home"/>
        <bet id="15" name="Total - Away"/>
        <bet id="16" name="Handicap Result 1st Half"/>
        <bet id="17" name="Asian Handicap First Half"/>
        <bet id="18" name="Double Chance - 1st Half"/>
        <bet id="19" name="Both Teams To Score - 1st Half"/>
        <bet id="20" name="Both Teams To Score - 2nd Half"/>
        <bet id="21" name="Win To Nil"/>
        <bet id="22" name="Odd/Even"/>
        <bet id="23" name="Odd/Even 1st Half"/>
        <bet id="24" name="Home Odd/Even"/>
        <bet id="25" name="Away Odd/Even"/>
        <bet id="26" name="Exact Goals Number"/>
        <bet id="27" name="Home Team Exact Goals Number"/>
        <bet id="28" name="Results/Both Teams To Score">
          <choice id="1" name="1" odd="1.54"/>
          <choice id="2" name="2" odd="2.16"/>
          <choice id="3" name="1" odd="1.59"/>
          <choice id="4" name="2" odd="2.18"/>
          <choice id="5" name="1" odd="1.76"/>
          <choice id="6" name="2" odd="1.93"/>
          <choice id="7" name="1" odd="1.99"/>
          <choice id="8" name="2" odd="1.72"/>
          <choice id="9" name="Home" odd="1.86"/>
          <choice id="10" name="Away" odd="2.06"/>
          <choice id="11" name="1" odd="1.15"/>
          <choice id="12" name="2" odd="6.3"/>
          <choice id="13" name="1" odd="1.46"/>
          <choice id="14" name="2" odd="2.87"/>
          <choice id="15" name="1" odd="1.54"/>
          <choice id="16" name="2" odd="2.63"/>
          <choice id="17" name="1" odd="1.66"/>
          <choice id="18" name="2" odd="2.35"/>
          <choice id="19" name="1" odd="1.85"/>
          <choice id="20" name="2" odd="2.07"/>
          <choice id="21" name="1" odd="2.1"/>
          <choice id="22" name="2" odd="1.82"/>
          <choice id="23" name="1" odd="2.36"/>
          <choice id="24" name="2" odd="1.66"/>
          <choice id="25" name="1" odd="4.4"/>
          <choice id="26" name="2" odd="1.25"/>
          <choice id="27" name="1" odd="1.08"/>
          <choice id="28" name="2" odd="6.85"/>
          <choice id="29" name="1" odd="1.16"/>
          <choice id="30" name="2" odd="4.8"/>
          <choice id="31" name="1" odd="1.19"/>
          <choice id="32" name="2" odd="4.4"/>
          <choice id="33" name="1" odd="1.36"/>
          <choice id="34" name="2" odd="3.1"/>
          <choice id="35" name="1" odd="1.52"/>
          <choice id="36" name="2" odd="2.53"/>
          <choice id="37" name="1" odd="1.64"/>
          <choice id="38" name="2" odd="2.29"/>
          <choice id="39" name="1" odd="1.86"/>
          <choice id="40" name="2" odd="2.06"/>
          <choice id="41" name="1" odd="2.06"/>
          <choice id="42" name="2" odd="1.78"/>
          <choice id="43" name="2" odd="1.62"/>
          <choice id="44" name="1" odd="2.3"/>
          <choice id="45" name="1" odd="2.61"/>
          <choice id="46" name="2" odd="1.48"/>
          <choice id="47" name="2" odd="1.33"/>
          <choice id="48" name="1" odd="3.2"/>
          <choice id="49" name="2" odd="1.28"/>
          <choice id="50" name="1" odd="3.46"/>
          <choice id="51" name="1" odd="3.72"/>
          <choice id="52" name="2" odd="1.24"/>
          <choice id="53" name="1" odd="4.5"/>
          <choice id="54" name="2" odd="1.16"/>
          <choice id="55" name="1" odd="5.85"/>
          <choice id="56" name="2" odd="1.09"/>
          <choice id="57" name="2" odd="1.08"/>
          <choice id="58" name="1" odd="6.3"/>
          <choice id="59" name="1" odd="9.8"/>
          <choice id="60" name="2" odd="1.02"/>
          <choice id="61" name="1" odd="10.25"/>
          <choice id="62" name="2" odd="1.01"/>
          <choice id="63" name="1" odd="1.71"/>
          <choice id="64" name="2" odd="2.26"/>
          <choice id="65" name="1" odd="1.88"/>
          <choice id="66" name="2" odd="2.04"/>
          <choice id="67" name="1" odd="2.13"/>
          <choice id="68" name="2" odd="1.8"/>
          <choice id="69" name="1" odd="1.84"/>
          <choice id="70" name="2" odd="2.08"/>
          <choice id="71" name="1" odd="2.09"/>
          <choice id="72" name="2" odd="1.83"/>
          <choice id="73" name="Home" odd="1.82"/>
          <choice id="74" name="Away" odd="2.02"/>
          <choice id="75" name="Home" odd="2.2"/>
          <choice id="76" name="Away" odd="1.55"/>
          <choice id="77" name="Home" odd="2.2"/>
          <choice id="78" name="Away" odd="1.55"/>
        </bet>
        <bet id="29" name="Result/Total Goals"/>
        <bet id="30" name="Clean Sheet - Home"/>
        <bet id="31" name="Team To Score First"/>
        <bet id="32" name="1st Half Exact Goals Number"/>
        <bet id="33" name="Home/Away"/>
        <bet id="34" name="Win Both Halves"/>
        <bet id="35" name="Away Team Exact Goals Number"/>
        <bet id="36" name="2nd Half Exact Goals Number"/>
        <bet id="37" name="Home Team Score a Goal"/>
        <bet id="38" name="Away Team Score a Goal"/>
        <bet id="39" name="Team To Score Last"/>
        <bet id="40" name="Clean Sheet - Away"/>
        <bet id="41" name="Correct Score 1st Half"/>
        <bet id="42" name="To Win Either Half"/>
        <bet id="43" name="First 10 min Winner"/>
        <bet id="44" name="Winning Margin"/>
        <bet id="45" name="To Score In Both Halves By Teams"/>
        <bet id="46" name="Total Goals/Both Teams To Score"/>
        <bet id="47" name="Goal Line"/>
        <bet id="48" name="Halftime Result/Total Goals"/>
        <bet id="49" name="Halftime Result/Both Teams To Score"/>
        <bet id="50" name="Win to Nil - Away"/>
        <bet id="51" name="Double Chance - 2nd Half"/>
        <bet id="52" name="Home win both halves"/>
        <bet id="53" name="Teams To Score A Goal"/>
        <bet id="54" name="Total Goal Minutes"/>
        <bet id="55" name="Early Goal"/>
        <bet id="56" name="Late Goal"/>
        <bet id="57" name="Time Of 1st Goal Brackets"/>
        <bet id="58" name="Over/Under 2nd Half"/>
        <bet id="59" name="Home Team Highest Scoring Half"/>
        <bet id="60" name="Away Team Highest Scoring Half"/>
        <bet id="61" name="Team Total Goals"/>
        <bet id="62" name="Time Of 1st Team Goal"/>
        <bet id="63" name="1st Half Handicap"/>
        <bet id="64" name="Alternative 1st Half Handicap Result"/>
        <bet id="65" name="Odd/Event 2nd Half"/>
        <bet id="66" name="HT/FT"/>
        <bet id="67" name="Draw No Bet"/>
        <bet id="68" name="Alternative Handicap Result"/>
        <bet id="69" name="Alternative Asian Handicap"/>
        <bet id="70" name="Alternative 1st Half Asian Handicap"/>
        <bet id="71" name="Alternative 1st Half Goal Line"/>
        <bet id="72" name="Correct Score 2nd Half"/>
        <bet id="73" name="Goalscorer"/>
        <bet id="74" name="Multi Scorers"/>
        <bet id="75" name="Team Goalscorer"/>
        <bet id="76" name="Own Goal"/>
      </match>
      <match id="2" name="Hamilton Academical - Hibernian" starts="1571493664">
        <bet id="79" name="3Way Result"/>
        <bet id="77" name="Asian Handicap"/>
        <bet id="78" name="Over/Under"/>
        <bet id="80" name="Home/Away"/>
        <bet id="81" name="3Way Result 2nd Half"/>
        <bet id="82" name="Goals Over/Under 1st Half"/>
        <bet id="83" name="Goals Over/Under 2nd Half"/>
        <bet id="84" name="HT/FT Double"/>
        <bet id="85" name="Clean Sheet - Home"/>
        <bet id="86" name="Both Teams To Score"/>
        <bet id="87" name="Handicap Result"/>
        <bet id="88" name="Correct Score"/>
        <bet id="89" name="Highest Scoring Half"/>
        <bet id="90" name="Double Chance"/>
        <bet id="91" name="3Way Result 1st Half"/>
        <bet id="92" name="Team To Score First"/>
        <bet id="93" name="Total - Home"/>
        <bet id="94" name="Total - Away"/>
        <bet id="95" name="Handicap Result 1st Half"/>
        <bet id="96" name="Asian Handicap First Half"/>
        <bet id="97" name="Double Chance - 1st Half"/>
        <bet id="98" name="Both Teams To Score - 1st Half"/>
        <bet id="99" name="Both Teams To Score - 2nd Half"/>
        <bet id="100" name="Win To Nil"/>
        <bet id="101" name="Odd/Even"/>
        <bet id="102" name="Odd/Even 1st Half"/>
        <bet id="103" name="Home Odd/Even"/>
        <bet id="104" name="Away Odd/Even"/>
        <bet id="105" name="Exact Goals Number"/>
        <bet id="106" name="Home Team Exact Goals Number"/>
        <bet id="107" name="Results/Both Teams To Score"/>
        <bet id="108" name="Result/Total Goals"/>
        <bet id="109" name="Team To Score Last"/>
        <bet id="110" name="1st Half Exact Goals Number"/>
        <bet id="111" name="Win Both Halves"/>
        <bet id="112" name="Away Team Exact Goals Number"/>
        <bet id="113" name="2nd Half Exact Goals Number"/>
        <bet id="114" name="Home Team Score a Goal"/>
        <bet id="115" name="Away Team Score a Goal"/>
        <bet id="116" name="Clean Sheet - Away"/>
        <bet id="117" name="Correct Score 1st Half"/>
        <bet id="118" name="To Win Either Half"/>
        <bet id="119" name="First 10 min Winner"/>
        <bet id="120" name="Winning Margin"/>
        <bet id="121" name="To Score In Both Halves By Teams"/>
        <bet id="122" name="Total Goals/Both Teams To Score"/>
        <bet id="123" name="Goal Line"/>
        <bet id="124" name="Halftime Result/Total Goals"/>
        <bet id="125" name="Halftime Result/Both Teams To Score"/>
        <bet id="126" name="Win to Nil - Away"/>
        <bet id="127" name="Double Chance - 2nd Half"/>
        <bet id="128" name="Away win both halves"/>
        <bet id="129" name="Teams To Score A Goal"/>
        <bet id="130" name="Total Goal Minutes"/>
        <bet id="131" name="Early Goal"/>
        <bet id="132" name="Late Goal"/>
        <bet id="133" name="Time Of 1st Goal Brackets"/>
        <bet id="134" name="Over/Under 2nd Half"/>
        <bet id="135" name="Home Team Highest Scoring Half"/>
        <bet id="136" name="Away Team Highest Scoring Half"/>
        <bet id="137" name="Team Total Goals"/>
        <bet id="138" name="Time Of 1st Team Goal"/>
        <bet id="139" name="1st Half Handicap"/>
        <bet id="140" name="Alternative 1st Half Handicap Result"/>
        <bet id="141" name="Odd/Event 2nd Half"/>
        <bet id="142" name="HT/FT"/>
        <bet id="143" name="Draw No Bet"/>
        <bet id="144" name="Alternative Handicap Result"/>
        <bet id="145" name="Alternative Asian Handicap"/>
        <bet id="146" name="Alternative 1st Half Asian Handicap"/>
        <bet id="147" name="Alternative 1st Half Goal Line"/>
        <bet id="148" name="Correct Score 2nd Half"/>
        <bet id="149" name="Own Goal"/>
        <bet id="150" name="Goalscorer"/>
        <bet id="151" name="Multi Scorers"/>
        <bet id="152" name="Team Goalscorer"/>
      </match>
      <match id="3" name="Kilmarnock - Livingston" starts="1571493664">
        <bet id="155" name="3Way Result"/>
        <bet id="153" name="Asian Handicap"/>
        <bet id="154" name="Over/Under"/>
        <bet id="156" name="3Way Result 2nd Half"/>
        <bet id="157" name="Goals Over/Under 1st Half"/>
        <bet id="158" name="Goals Over/Under 2nd Half"/>
        <bet id="159" name="HT/FT Double"/>
        <bet id="160" name="Clean Sheet - Home"/>
        <bet id="161" name="Both Teams To Score"/>
        <bet id="162" name="Handicap Result"/>
        <bet id="163" name="Correct Score"/>
        <bet id="164" name="Highest Scoring Half"/>
        <bet id="165" name="Double Chance"/>
        <bet id="166" name="3Way Result 1st Half"/>
        <bet id="167" name="Team To Score First"/>
        <bet id="168" name="Total - Home"/>
        <bet id="169" name="Total - Away"/>
        <bet id="170" name="Handicap Result 1st Half"/>
        <bet id="171" name="Asian Handicap First Half"/>
        <bet id="172" name="Double Chance - 1st Half"/>
        <bet id="173" name="Both Teams To Score - 1st Half"/>
        <bet id="174" name="Both Teams To Score - 2nd Half"/>
        <bet id="175" name="Win To Nil"/>
        <bet id="176" name="Odd/Even"/>
        <bet id="177" name="Odd/Even 1st Half"/>
        <bet id="178" name="Home Odd/Even"/>
        <bet id="179" name="Away Odd/Even"/>
        <bet id="180" name="Exact Goals Number"/>
        <bet id="181" name="Home Team Exact Goals Number"/>
        <bet id="182" name="Results/Both Teams To Score"/>
        <bet id="183" name="Result/Total Goals"/>
        <bet id="184" name="Home/Away"/>
        <bet id="185" name="Team To Score Last"/>
        <bet id="186" name="1st Half Exact Goals Number"/>
        <bet id="187" name="Win Both Halves"/>
        <bet id="188" name="Away Team Exact Goals Number"/>
        <bet id="189" name="2nd Half Exact Goals Number"/>
        <bet id="190" name="Home Team Score a Goal"/>
        <bet id="191" name="Away Team Score a Goal"/>
        <bet id="192" name="Clean Sheet - Away"/>
        <bet id="193" name="Correct Score 1st Half"/>
        <bet id="194" name="To Win Either Half"/>
        <bet id="195" name="First 10 min Winner"/>
        <bet id="196" name="Winning Margin"/>
        <bet id="197" name="To Score In Both Halves By Teams"/>
        <bet id="198" name="Total Goals/Both Teams To Score"/>
        <bet id="199" name="Goal Line"/>
        <bet id="200" name="Halftime Result/Total Goals"/>
        <bet id="201" name="Halftime Result/Both Teams To Score"/>
        <bet id="202" name="Win to Nil - Away"/>
        <bet id="203" name="Double Chance - 2nd Half"/>
        <bet id="204" name="Home win both halves"/>
        <bet id="205" name="Teams To Score A Goal"/>
        <bet id="206" name="Total Goal Minutes"/>
        <bet id="207" name="Early Goal"/>
        <bet id="208" name="Late Goal"/>
        <bet id="209" name="Time Of 1st Goal Brackets"/>
        <bet id="210" name="Over/Under 2nd Half"/>
        <bet id="211" name="Home Team Highest Scoring Half"/>
        <bet id="212" name="Away Team Highest Scoring Half"/>
        <bet id="213" name="Team Total Goals"/>
        <bet id="214" name="Time Of 1st Team Goal"/>
        <bet id="215" name="1st Half Handicap"/>
        <bet id="216" name="Alternative 1st Half Handicap Result"/>
        <bet id="217" name="Odd/Event 2nd Half"/>
        <bet id="218" name="HT/FT"/>
        <bet id="219" name="Draw No Bet"/>
        <bet id="220" name="Alternative Handicap Result"/>
        <bet id="221" name="Alternative Asian Handicap"/>
        <bet id="222" name="Alternative 1st Half Asian Handicap"/>
        <bet id="223" name="Alternative 1st Half Goal Line"/>
        <bet id="224" name="Correct Score 2nd Half"/>
        <bet id="225" name="Goalscorer"/>
        <bet id="226" name="Multi Scorers"/>
        <bet id="227" name="Team Goalscorer"/>
        <bet id="228" name="Own Goal"/>
      </match>
      <match id="4" name="Motherwell - Aberdeen" starts="1571493664">
        <bet id="231" name="3Way Result"/>
        <bet id="229" name="Asian Handicap"/>
        <bet id="230" name="Over/Under"/>
        <bet id="232" name="3Way Result 2nd Half"/>
        <bet id="233" name="Goals Over/Under 1st Half"/>
        <bet id="234" name="Goals Over/Under 2nd Half"/>
        <bet id="235" name="HT/FT Double"/>
        <bet id="236" name="Clean Sheet - Home"/>
        <bet id="237" name="Both Teams To Score"/>
        <bet id="238" name="Handicap Result"/>
        <bet id="239" name="Correct Score"/>
        <bet id="240" name="Highest Scoring Half"/>
        <bet id="241" name="Double Chance"/>
        <bet id="242" name="3Way Result 1st Half"/>
        <bet id="243" name="Total - Home"/>
        <bet id="244" name="Total - Away"/>
        <bet id="245" name="Handicap Result 1st Half"/>
        <bet id="246" name="Asian Handicap First Half"/>
        <bet id="247" name="Double Chance - 1st Half"/>
        <bet id="248" name="Both Teams To Score - 1st Half"/>
        <bet id="249" name="Both Teams To Score - 2nd Half"/>
        <bet id="250" name="Win To Nil"/>
        <bet id="251" name="Odd/Even"/>
        <bet id="252" name="Odd/Even 1st Half"/>
        <bet id="253" name="Home Odd/Even"/>
        <bet id="254" name="Away Odd/Even"/>
        <bet id="255" name="Exact Goals Number"/>
        <bet id="256" name="Home Team Exact Goals Number"/>
        <bet id="257" name="Results/Both Teams To Score"/>
        <bet id="258" name="Result/Total Goals"/>
        <bet id="259" name="Team To Score First"/>
        <bet id="260" name="1st Half Exact Goals Number"/>
        <bet id="261" name="Home/Away"/>
        <bet id="262" name="Win Both Halves"/>
        <bet id="263" name="Away Team Exact Goals Number"/>
        <bet id="264" name="2nd Half Exact Goals Number"/>
        <bet id="265" name="Home Team Score a Goal"/>
        <bet id="266" name="Away Team Score a Goal"/>
        <bet id="267" name="Team To Score Last"/>
        <bet id="268" name="Clean Sheet - Away"/>
        <bet id="269" name="Correct Score 1st Half"/>
        <bet id="270" name="To Win Either Half"/>
        <bet id="271" name="First 10 min Winner"/>
        <bet id="272" name="Winning Margin"/>
        <bet id="273" name="To Score In Both Halves By Teams"/>
        <bet id="274" name="Total Goals/Both Teams To Score"/>
        <bet id="275" name="Goal Line"/>
        <bet id="276" name="Halftime Result/Total Goals"/>
        <bet id="277" name="Halftime Result/Both Teams To Score"/>
        <bet id="278" name="Win to Nil - Away"/>
        <bet id="279" name="Double Chance - 2nd Half"/>
        <bet id="280" name="Home win both halves"/>
        <bet id="281" name="Away win both halves"/>
        <bet id="282" name="Teams To Score A Goal"/>
        <bet id="283" name="Total Goal Minutes"/>
        <bet id="284" name="Early Goal"/>
        <bet id="285" name="Late Goal"/>
        <bet id="286" name="Time Of 1st Goal Brackets"/>
        <bet id="287" name="Over/Under 2nd Half"/>
        <bet id="288" name="Home Team Highest Scoring Half"/>
        <bet id="289" name="Away Team Highest Scoring Half"/>
        <bet id="290" name="Team Total Goals"/>
        <bet id="291" name="Time Of 1st Team Goal"/>
        <bet id="292" name="1st Half Handicap"/>
        <bet id="293" name="Alternative 1st Half Handicap Result"/>
        <bet id="294" name="Odd/Event 2nd Half"/>
        <bet id="295" name="HT/FT"/>
        <bet id="296" name="Draw No Bet"/>
        <bet id="297" name="Alternative Handicap Result"/>
        <bet id="298" name="Alternative Asian Handicap"/>
        <bet id="299" name="Alternative 1st Half Asian Handicap"/>
        <bet id="300" name="Alternative 1st Half Goal Line"/>
        <bet id="301" name="Correct Score 2nd Half"/>
        <bet id="302" name="Goalscorer"/>
        <bet id="303" name="Multi Scorers"/>
        <bet id="304" name="Team Goalscorer"/>
        <bet id="305" name="Own Goal"/>
      </match>
      <match id="5" name="St. Mirren - St. Johnstone" starts="1571493664">
        <bet id="308" name="3Way Result"/>
        <bet id="306" name="Asian Handicap"/>
        <bet id="307" name="Over/Under"/>
        <bet id="309" name="3Way Result 2nd Half"/>
        <bet id="310" name="Goals Over/Under 1st Half"/>
        <bet id="311" name="Goals Over/Under 2nd Half"/>
        <bet id="312" name="HT/FT Double"/>
        <bet id="313" name="Both Teams To Score"/>
        <bet id="314" name="Handicap Result"/>
        <bet id="315" name="Correct Score"/>
        <bet id="316" name="Highest Scoring Half"/>
        <bet id="317" name="Double Chance"/>
        <bet id="318" name="3Way Result 1st Half"/>
        <bet id="319" name="Total - Home"/>
        <bet id="320" name="Total - Away"/>
        <bet id="321" name="Handicap Result 1st Half"/>
        <bet id="322" name="Asian Handicap First Half"/>
        <bet id="323" name="Double Chance - 1st Half"/>
        <bet id="324" name="Both Teams To Score - 1st Half"/>
        <bet id="325" name="Both Teams To Score - 2nd Half"/>
        <bet id="326" name="Odd/Even"/>
        <bet id="327" name="Odd/Even 1st Half"/>
        <bet id="328" name="Home Odd/Even"/>
        <bet id="329" name="Away Odd/Even"/>
        <bet id="330" name="Exact Goals Number"/>
        <bet id="331" name="Clean Sheet - Home"/>
        <bet id="332" name="Team To Score First"/>
        <bet id="333" name="Win To Nil"/>
        <bet id="334" name="Results/Both Teams To Score"/>
        <bet id="335" name="1st Half Exact Goals Number"/>
        <bet id="336" name="Home/Away"/>
        <bet id="337" name="Win Both Halves"/>
        <bet id="338" name="Home Team Exact Goals Number"/>
        <bet id="339" name="Away Team Exact Goals Number"/>
        <bet id="340" name="2nd Half Exact Goals Number"/>
        <bet id="341" name="Home Team Score a Goal"/>
        <bet id="342" name="Away Team Score a Goal"/>
        <bet id="343" name="Team To Score Last"/>
        <bet id="344" name="Result/Total Goals"/>
        <bet id="345" name="Clean Sheet - Away"/>
        <bet id="346" name="Correct Score 1st Half"/>
        <bet id="347" name="To Win Either Half"/>
        <bet id="348" name="First 10 min Winner"/>
        <bet id="349" name="Winning Margin"/>
        <bet id="350" name="To Score In Both Halves By Teams"/>
        <bet id="351" name="Total Goals/Both Teams To Score"/>
        <bet id="352" name="Goal Line"/>
        <bet id="353" name="Halftime Result/Total Goals"/>
        <bet id="354" name="Halftime Result/Both Teams To Score"/>
        <bet id="355" name="Win to Nil - Away"/>
        <bet id="356" name="Double Chance - 2nd Half"/>
        <bet id="357" name="Home win both halves"/>
        <bet id="358" name="Away win both halves"/>
        <bet id="359" name="Teams To Score A Goal"/>
        <bet id="360" name="Total Goal Minutes"/>
        <bet id="361" name="Early Goal"/>
        <bet id="362" name="Late Goal"/>
        <bet id="363" name="Time Of 1st Goal Brackets"/>
        <bet id="364" name="Over/Under 2nd Half"/>
        <bet id="365" name="Home Team Highest Scoring Half"/>
        <bet id="366" name="Away Team Highest Scoring Half"/>
        <bet id="367" name="Team Total Goals"/>
        <bet id="368" name="Time Of 1st Team Goal"/>
        <bet id="369" name="1st Half Handicap"/>
        <bet id="370" name="Alternative 1st Half Handicap Result"/>
        <bet id="371" name="Odd/Event 2nd Half"/>
        <bet id="372" name="HT/FT"/>
        <bet id="373" name="Draw No Bet"/>
        <bet id="374" name="Alternative Handicap Result"/>
        <bet id="375" name="Alternative Asian Handicap"/>
        <bet id="376" name="Alternative 1st Half Asian Handicap"/>
        <bet id="377" name="Alternative 1st Half Goal Line"/>
        <bet id="378" name="Correct Score 2nd Half"/>
        <bet id="379" name="Goalscorer"/>
        <bet id="380" name="Multi Scorers"/>
        <bet id="381" name="Team Goalscorer"/>
        <bet id="382" name="Own Goal"/>
      </match>
      <match id="7" name="Hearts - Rangers" starts="1571570164">
        <bet id="443" name="3Way Result"/>
        <bet id="441" name="Asian Handicap"/>
        <bet id="442" name="Over/Under"/>
        <bet id="444" name="3Way Result 2nd Half"/>
        <bet id="445" name="Goals Over/Under 1st Half"/>
        <bet id="446" name="Goals Over/Under 2nd Half"/>
        <bet id="447" name="HT/FT Double"/>
        <bet id="448" name="Both Teams To Score"/>
        <bet id="449" name="Handicap Result"/>
        <bet id="450" name="Correct Score"/>
        <bet id="451" name="Highest Scoring Half"/>
        <bet id="452" name="Double Chance"/>
        <bet id="453" name="3Way Result 1st Half"/>
        <bet id="454" name="Total - Home"/>
        <bet id="455" name="Total - Away"/>
        <bet id="456" name="Handicap Result 1st Half"/>
        <bet id="457" name="Asian Handicap First Half"/>
        <bet id="458" name="Double Chance - 1st Half"/>
        <bet id="459" name="Both Teams To Score - 1st Half"/>
        <bet id="460" name="Both Teams To Score - 2nd Half"/>
        <bet id="461" name="Odd/Even"/>
        <bet id="462" name="Odd/Even 1st Half"/>
        <bet id="463" name="Home Odd/Even"/>
        <bet id="464" name="Away Odd/Even"/>
        <bet id="465" name="Exact Goals Number"/>
        <bet id="466" name="Home Team Exact Goals Number"/>
        <bet id="467" name="Result/Total Goals"/>
        <bet id="468" name="Home/Away"/>
        <bet id="469" name="Team To Score Last"/>
        <bet id="470" name="1st Half Exact Goals Number"/>
        <bet id="471" name="Team To Score First"/>
        <bet id="472" name="Win To Nil"/>
        <bet id="473" name="Results/Both Teams To Score"/>
        <bet id="474" name="Win Both Halves"/>
        <bet id="475" name="Away Team Exact Goals Number"/>
        <bet id="476" name="2nd Half Exact Goals Number"/>
        <bet id="477" name="Home Team Score a Goal"/>
        <bet id="478" name="Away Team Score a Goal"/>
        <bet id="479" name="Clean Sheet - Home"/>
        <bet id="480" name="Clean Sheet - Away"/>
        <bet id="481" name="Correct Score 1st Half"/>
        <bet id="482" name="To Win Either Half"/>
        <bet id="483" name="Winning Margin"/>
        <bet id="484" name="To Score In Both Halves By Teams"/>
        <bet id="485" name="Total Goals/Both Teams To Score"/>
        <bet id="486" name="Halftime Result/Total Goals"/>
        <bet id="487" name="Halftime Result/Both Teams To Score"/>
        <bet id="488" name="First 10 min Winner"/>
        <bet id="489" name="Goal Line"/>
        <bet id="490" name="Win to Nil - Away"/>
        <bet id="491" name="Double Chance - 2nd Half"/>
        <bet id="492" name="Away win both halves"/>
        <bet id="493" name="Teams To Score A Goal"/>
        <bet id="494" name="Total Goal Minutes"/>
        <bet id="495" name="Early Goal"/>
        <bet id="496" name="Late Goal"/>
        <bet id="497" name="Time Of 1st Goal Brackets"/>
        <bet id="498" name="Over/Under 2nd Half"/>
        <bet id="499" name="Home Team Highest Scoring Half"/>
        <bet id="500" name="Away Team Highest Scoring Half"/>
        <bet id="501" name="Team Total Goals"/>
        <bet id="502" name="Time Of 1st Team Goal"/>
        <bet id="503" name="1st Half Handicap"/>
        <bet id="504" name="Alternative 1st Half Handicap Result"/>
        <bet id="505" name="Odd/Event 2nd Half"/>
        <bet id="506" name="HT/FT"/>
        <bet id="507" name="Draw No Bet"/>
        <bet id="508" name="Alternative Handicap Result"/>
        <bet id="509" name="Alternative Asian Handicap"/>
        <bet id="510" name="Alternative 1st Half Asian Handicap"/>
        <bet id="511" name="Alternative 1st Half Goal Line"/>
        <bet id="512" name="Correct Score 2nd Half"/>
        <bet id="513" name="Own Goal"/>
        <bet id="514" name="Goalscorer"/>
        <bet id="515" name="Multi Scorers"/>
        <bet id="516" name="Team Goalscorer"/>
      </match>
    </event>
    <event id="2" name="Superliga">
      <match id="6" name="Horsens - Hobro" starts="1571565664">
        <bet id="423" name="3Way Result"/>
        <bet id="383" name="Over/Under"/>
        <bet id="384" name="Total Goals/Both Teams To Score"/>
        <bet id="385" name="Both Teams To Score"/>
        <bet id="386" name="Teams To Score A Goal"/>
        <bet id="387" name="Both Teams To Score - 1st Half"/>
        <bet id="388" name="Both Teams To Score - 2nd Half"/>
        <bet id="389" name="To Score In Both Halves By Teams"/>
        <bet id="390" name="Goals Over/Under 1st Half"/>
        <bet id="391" name="1st Half Exact Goals Number"/>
        <bet id="392" name="Total Goal Minutes"/>
        <bet id="393" name="Team To Score First"/>
        <bet id="394" name="Early Goal"/>
        <bet id="395" name="Late Goal"/>
        <bet id="396" name="Time Of 1st Goal Brackets"/>
        <bet id="397" name="Over/Under 2nd Half"/>
        <bet id="398" name="2nd Half Exact Goals Number"/>
        <bet id="399" name="Highest Scoring Half"/>
        <bet id="400" name="Home Team Highest Scoring Half"/>
        <bet id="401" name="Away Team Highest Scoring Half"/>
        <bet id="402" name="Clean Sheet - Home"/>
        <bet id="403" name="Clean Sheet - Away"/>
        <bet id="404" name="Team Total Goals"/>
        <bet id="405" name="Home Team Exact Goals Number"/>
        <bet id="406" name="Away Team Exact Goals Number"/>
        <bet id="407" name="Time Of 1st Team Goal"/>
        <bet id="408" name="Odd/Even"/>
        <bet id="409" name="Home Odd/Even"/>
        <bet id="410" name="Away Odd/Even"/>
        <bet id="411" name="Odd/Even 1st Half"/>
        <bet id="412" name="Team To Score Last"/>
        <bet id="413" name="First 10 min Winner"/>
        <bet id="414" name="3Way Result 1st Half"/>
        <bet id="415" name="Double Chance - 1st Half"/>
        <bet id="416" name="Halftime Result/Both Teams To Score"/>
        <bet id="417" name="Halftime Result/Total Goals"/>
        <bet id="418" name="Correct Score 1st Half"/>
        <bet id="419" name="1st Half Handicap"/>
        <bet id="420" name="Alternative 1st Half Handicap Result"/>
        <bet id="421" name="3Way Result 2nd Half"/>
        <bet id="422" name="Odd/Event 2nd Half"/>
        <bet id="424" name="Double Chance"/>
        <bet id="425" name="Correct Score"/>
        <bet id="426" name="HT/FT"/>
        <bet id="427" name="Goalscorer"/>
        <bet id="428" name="Multi Scorers"/>
        <bet id="429" name="Draw No Bet"/>
        <bet id="430" name="Results/Both Teams To Score"/>
        <bet id="431" name="Handicap Result"/>
        <bet id="432" name="Alternative Handicap Result"/>
        <bet id="433" name="Winning Margin"/>
        <bet id="434" name="Asian Handicap"/>
        <bet id="435" name="Goal Line"/>
        <bet id="436" name="Alternative Asian Handicap"/>
        <bet id="437" name="Asian Handicap First Half"/>
        <bet id="438" name="Alternative 1st Half Asian Handicap"/>
        <bet id="439" name="Alternative 1st Half Goal Line"/>
        <bet id="440" name="Team Goalscorer"/>
      </match>
      <match id="8" name="SønderjyskE - Nordsjælland" starts="1571572864">
        <bet id="557" name="3Way Result"/>
        <bet id="517" name="Over/Under"/>
        <bet id="518" name="Total Goals/Both Teams To Score"/>
        <bet id="519" name="Both Teams To Score"/>
        <bet id="520" name="Teams To Score A Goal"/>
        <bet id="521" name="Both Teams To Score - 1st Half"/>
        <bet id="522" name="Both Teams To Score - 2nd Half"/>
        <bet id="523" name="To Score In Both Halves By Teams"/>
        <bet id="524" name="Goals Over/Under 1st Half"/>
        <bet id="525" name="1st Half Exact Goals Number"/>
        <bet id="526" name="Total Goal Minutes"/>
        <bet id="527" name="Team To Score First"/>
        <bet id="528" name="Early Goal"/>
        <bet id="529" name="Late Goal"/>
        <bet id="530" name="Time Of 1st Goal Brackets"/>
        <bet id="531" name="Over/Under 2nd Half"/>
        <bet id="532" name="2nd Half Exact Goals Number"/>
        <bet id="533" name="Highest Scoring Half"/>
        <bet id="534" name="Home Team Highest Scoring Half"/>
        <bet id="535" name="Away Team Highest Scoring Half"/>
        <bet id="536" name="Clean Sheet - Home"/>
        <bet id="537" name="Clean Sheet - Away"/>
        <bet id="538" name="Team Total Goals"/>
        <bet id="539" name="Home Team Exact Goals Number"/>
        <bet id="540" name="Away Team Exact Goals Number"/>
        <bet id="541" name="Time Of 1st Team Goal"/>
        <bet id="542" name="Odd/Even"/>
        <bet id="543" name="Home Odd/Even"/>
        <bet id="544" name="Away Odd/Even"/>
        <bet id="545" name="Odd/Even 1st Half"/>
        <bet id="546" name="Team To Score Last"/>
        <bet id="547" name="First 10 min Winner"/>
        <bet id="548" name="3Way Result 1st Half"/>
        <bet id="549" name="Double Chance - 1st Half"/>
        <bet id="550" name="Halftime Result/Both Teams To Score"/>
        <bet id="551" name="Halftime Result/Total Goals"/>
        <bet id="552" name="Correct Score 1st Half"/>
        <bet id="553" name="1st Half Handicap"/>
        <bet id="554" name="Alternative 1st Half Handicap Result"/>
        <bet id="555" name="3Way Result 2nd Half"/>
        <bet id="556" name="Odd/Event 2nd Half"/>
        <bet id="558" name="Double Chance"/>
        <bet id="559" name="Correct Score"/>
        <bet id="560" name="HT/FT"/>
        <bet id="561" name="Goalscorer"/>
        <bet id="562" name="Multi Scorers"/>
        <bet id="563" name="Draw No Bet"/>
        <bet id="564" name="Results/Both Teams To Score"/>
        <bet id="565" name="Handicap Result"/>
        <bet id="566" name="Alternative Handicap Result"/>
        <bet id="567" name="Winning Margin"/>
        <bet id="568" name="Asian Handicap"/>
        <bet id="569" name="Goal Line"/>
        <bet id="570" name="Alternative Asian Handicap"/>
        <bet id="571" name="Asian Handicap First Half"/>
        <bet id="572" name="Alternative 1st Half Asian Handicap"/>
        <bet id="573" name="Alternative 1st Half Goal Line"/>
        <bet id="574" name="Team Goalscorer"/>
        <bet id="575" name="Goals Over/Under 2nd Half"/>
        <bet id="576" name="Total - Home"/>
        <bet id="577" name="Total - Away"/>
        <bet id="578" name="Home/Away"/>
        <bet id="579" name="HT/FT Double"/>
        <bet id="580" name="Win to Nil - Away"/>
        <bet id="581" name="Win Both Halves"/>
        <bet id="582" name="Handicap Result 1st Half"/>
        <bet id="583" name="Double Chance - 2nd Half"/>
        <bet id="584" name="Win To Nil"/>
        <bet id="585" name="Home win both halves"/>
        <bet id="586" name="Away win both halves"/>
        <bet id="587" name="Exact Goals Number"/>
        <bet id="588" name="To Win Either Half"/>
        <bet id="589" name="Result/Total Goals"/>
        <bet id="590" name="Home Team Score a Goal"/>
        <bet id="591" name="Away Team Score a Goal"/>
        <bet id="592" name="Corners Over Under"/>
        <bet id="593" name="Own Goal"/>
        <bet id="594" name="Correct Score 2nd Half"/>
      </match>
      <match id="9" name="AGF - Silkeborg" starts="1571572864">
        <bet id="635" name="3Way Result"/>
        <bet id="595" name="Over/Under"/>
        <bet id="596" name="Total Goals/Both Teams To Score"/>
        <bet id="597" name="Both Teams To Score"/>
        <bet id="598" name="Teams To Score A Goal"/>
        <bet id="599" name="Both Teams To Score - 1st Half"/>
        <bet id="600" name="Both Teams To Score - 2nd Half"/>
        <bet id="601" name="To Score In Both Halves By Teams"/>
        <bet id="602" name="Goals Over/Under 1st Half"/>
        <bet id="603" name="1st Half Exact Goals Number"/>
        <bet id="604" name="Total Goal Minutes"/>
        <bet id="605" name="Team To Score First"/>
        <bet id="606" name="Early Goal"/>
        <bet id="607" name="Late Goal"/>
        <bet id="608" name="Time Of 1st Goal Brackets"/>
        <bet id="609" name="Over/Under 2nd Half"/>
        <bet id="610" name="2nd Half Exact Goals Number"/>
        <bet id="611" name="Highest Scoring Half"/>
        <bet id="612" name="Home Team Highest Scoring Half"/>
        <bet id="613" name="Away Team Highest Scoring Half"/>
        <bet id="614" name="Clean Sheet - Home"/>
        <bet id="615" name="Clean Sheet - Away"/>
        <bet id="616" name="Team Total Goals"/>
        <bet id="617" name="Home Team Exact Goals Number"/>
        <bet id="618" name="Away Team Exact Goals Number"/>
        <bet id="619" name="Time Of 1st Team Goal"/>
        <bet id="620" name="Odd/Even"/>
        <bet id="621" name="Home Odd/Even"/>
        <bet id="622" name="Away Odd/Even"/>
        <bet id="623" name="Odd/Even 1st Half"/>
        <bet id="624" name="Team To Score Last"/>
        <bet id="625" name="First 10 min Winner"/>
        <bet id="626" name="3Way Result 1st Half"/>
        <bet id="627" name="Double Chance - 1st Half"/>
        <bet id="628" name="Halftime Result/Both Teams To Score"/>
        <bet id="629" name="Halftime Result/Total Goals"/>
        <bet id="630" name="Correct Score 1st Half"/>
        <bet id="631" name="1st Half Handicap"/>
        <bet id="632" name="Alternative 1st Half Handicap Result"/>
        <bet id="633" name="3Way Result 2nd Half"/>
        <bet id="634" name="Odd/Event 2nd Half"/>
        <bet id="636" name="Double Chance"/>
        <bet id="637" name="Correct Score"/>
        <bet id="638" name="HT/FT"/>
        <bet id="639" name="Goalscorer"/>
        <bet id="640" name="Multi Scorers"/>
        <bet id="641" name="Draw No Bet"/>
        <bet id="642" name="Results/Both Teams To Score"/>
        <bet id="643" name="Handicap Result"/>
        <bet id="644" name="Alternative Handicap Result"/>
        <bet id="645" name="Winning Margin"/>
        <bet id="646" name="Asian Handicap"/>
        <bet id="647" name="Goal Line"/>
        <bet id="648" name="Alternative Asian Handicap"/>
        <bet id="649" name="Asian Handicap First Half"/>
        <bet id="650" name="Alternative 1st Half Asian Handicap"/>
        <bet id="651" name="Alternative 1st Half Goal Line"/>
        <bet id="652" name="Team Goalscorer"/>
        <bet id="653" name="Goals Over/Under 2nd Half"/>
        <bet id="654" name="Home/Away"/>
        <bet id="655" name="HT/FT Double"/>
        <bet id="656" name="Win Both Halves"/>
        <bet id="657" name="Total - Home"/>
        <bet id="658" name="Total - Away"/>
        <bet id="659" name="Handicap Result 1st Half"/>
        <bet id="660" name="Double Chance - 2nd Half"/>
        <bet id="661" name="Win To Nil"/>
        <bet id="662" name="Exact Goals Number"/>
        <bet id="663" name="To Win Either Half"/>
        <bet id="664" name="Result/Total Goals"/>
        <bet id="665" name="Win to Nil - Away"/>
        <bet id="666" name="Home win both halves"/>
        <bet id="667" name="Home Team Score a Goal"/>
        <bet id="668" name="Away Team Score a Goal"/>
        <bet id="669" name="Corners Over Under"/>
        <bet id="670" name="Own Goal"/>
        <bet id="671" name="Correct Score 2nd Half"/>
      </match>
      <match id="10" name="København - Esbjerg" starts="1571580064">
        <bet id="712" name="3Way Result"/>
        <bet id="672" name="Over/Under"/>
        <bet id="673" name="Total Goals/Both Teams To Score"/>
        <bet id="674" name="Both Teams To Score"/>
        <bet id="675" name="Teams To Score A Goal"/>
        <bet id="676" name="Both Teams To Score - 1st Half"/>
        <bet id="677" name="Both Teams To Score - 2nd Half"/>
        <bet id="678" name="To Score In Both Halves By Teams"/>
        <bet id="679" name="Goals Over/Under 1st Half"/>
        <bet id="680" name="1st Half Exact Goals Number"/>
        <bet id="681" name="Total Goal Minutes"/>
        <bet id="682" name="Team To Score First"/>
        <bet id="683" name="Early Goal"/>
        <bet id="684" name="Late Goal"/>
        <bet id="685" name="Time Of 1st Goal Brackets"/>
        <bet id="686" name="Over/Under 2nd Half"/>
        <bet id="687" name="2nd Half Exact Goals Number"/>
        <bet id="688" name="Highest Scoring Half"/>
        <bet id="689" name="Home Team Highest Scoring Half"/>
        <bet id="690" name="Away Team Highest Scoring Half"/>
        <bet id="691" name="Clean Sheet - Home"/>
        <bet id="692" name="Clean Sheet - Away"/>
        <bet id="693" name="Team Total Goals"/>
        <bet id="694" name="Home Team Exact Goals Number"/>
        <bet id="695" name="Away Team Exact Goals Number"/>
        <bet id="696" name="Time Of 1st Team Goal"/>
        <bet id="697" name="Odd/Even"/>
        <bet id="698" name="Home Odd/Even"/>
        <bet id="699" name="Away Odd/Even"/>
        <bet id="700" name="Odd/Even 1st Half"/>
        <bet id="701" name="Team To Score Last"/>
        <bet id="702" name="First 10 min Winner"/>
        <bet id="703" name="3Way Result 1st Half"/>
        <bet id="704" name="Double Chance - 1st Half"/>
        <bet id="705" name="Halftime Result/Both Teams To Score"/>
        <bet id="706" name="Halftime Result/Total Goals"/>
        <bet id="707" name="Correct Score 1st Half"/>
        <bet id="708" name="1st Half Handicap"/>
        <bet id="709" name="Alternative 1st Half Handicap Result"/>
        <bet id="710" name="3Way Result 2nd Half"/>
        <bet id="711" name="Odd/Event 2nd Half"/>
        <bet id="713" name="Double Chance"/>
        <bet id="714" name="Correct Score"/>
        <bet id="715" name="HT/FT"/>
        <bet id="716" name="Goalscorer"/>
        <bet id="717" name="Multi Scorers"/>
        <bet id="718" name="Draw No Bet"/>
        <bet id="719" name="Results/Both Teams To Score"/>
        <bet id="720" name="Handicap Result"/>
        <bet id="721" name="Alternative Handicap Result"/>
        <bet id="722" name="Winning Margin"/>
        <bet id="723" name="Asian Handicap"/>
        <bet id="724" name="Goal Line"/>
        <bet id="725" name="Alternative Asian Handicap"/>
        <bet id="726" name="Asian Handicap First Half"/>
        <bet id="727" name="Alternative 1st Half Asian Handicap"/>
        <bet id="728" name="Alternative 1st Half Goal Line"/>
        <bet id="729" name="Team Goalscorer"/>
        <bet id="730" name="Goals Over/Under 2nd Half"/>
        <bet id="731" name="HT/FT Double"/>
        <bet id="732" name="Total - Away"/>
        <bet id="733" name="Total - Home"/>
        <bet id="734" name="Home/Away"/>
        <bet id="735" name="Win to Nil - Away"/>
        <bet id="736" name="Win Both Halves"/>
        <bet id="737" name="Handicap Result 1st Half"/>
        <bet id="738" name="Double Chance - 2nd Half"/>
        <bet id="739" name="Win To Nil"/>
        <bet id="740" name="Home win both halves"/>
        <bet id="741" name="Exact Goals Number"/>
        <bet id="742" name="To Win Either Half"/>
        <bet id="743" name="Result/Total Goals"/>
        <bet id="744" name="Home Team Score a Goal"/>
        <bet id="745" name="Away Team Score a Goal"/>
        <bet id="746" name="Corners Over Under"/>
        <bet id="747" name="Own Goal"/>
        <bet id="748" name="Correct Score 2nd Half"/>
      </match>
      <match id="11" name="Lyngby - Brøndby" starts="1571587264">
        <bet id="789" name="3Way Result"/>
        <bet id="749" name="Over/Under"/>
        <bet id="750" name="Total Goals/Both Teams To Score"/>
        <bet id="751" name="Both Teams To Score"/>
        <bet id="752" name="Teams To Score A Goal"/>
        <bet id="753" name="Both Teams To Score - 1st Half"/>
        <bet id="754" name="Both Teams To Score - 2nd Half"/>
        <bet id="755" name="To Score In Both Halves By Teams"/>
        <bet id="756" name="Goals Over/Under 1st Half"/>
        <bet id="757" name="1st Half Exact Goals Number"/>
        <bet id="758" name="Total Goal Minutes"/>
        <bet id="759" name="Team To Score First"/>
        <bet id="760" name="Early Goal"/>
        <bet id="761" name="Late Goal"/>
        <bet id="762" name="Time Of 1st Goal Brackets"/>
        <bet id="763" name="Over/Under 2nd Half"/>
        <bet id="764" name="2nd Half Exact Goals Number"/>
        <bet id="765" name="Highest Scoring Half"/>
        <bet id="766" name="Home Team Highest Scoring Half"/>
        <bet id="767" name="Away Team Highest Scoring Half"/>
        <bet id="768" name="Clean Sheet - Home"/>
        <bet id="769" name="Clean Sheet - Away"/>
        <bet id="770" name="Team Total Goals"/>
        <bet id="771" name="Home Team Exact Goals Number"/>
        <bet id="772" name="Away Team Exact Goals Number"/>
        <bet id="773" name="Time Of 1st Team Goal"/>
        <bet id="774" name="Odd/Even"/>
        <bet id="775" name="Home Odd/Even"/>
        <bet id="776" name="Away Odd/Even"/>
        <bet id="777" name="Odd/Even 1st Half"/>
        <bet id="778" name="Team To Score Last"/>
        <bet id="779" name="First 10 min Winner"/>
        <bet id="780" name="3Way Result 1st Half"/>
        <bet id="781" name="Double Chance - 1st Half"/>
        <bet id="782" name="Halftime Result/Both Teams To Score"/>
        <bet id="783" name="Halftime Result/Total Goals"/>
        <bet id="784" name="Correct Score 1st Half"/>
        <bet id="785" name="1st Half Handicap"/>
        <bet id="786" name="Alternative 1st Half Handicap Result"/>
        <bet id="787" name="3Way Result 2nd Half"/>
        <bet id="788" name="Odd/Event 2nd Half"/>
        <bet id="790" name="Double Chance"/>
        <bet id="791" name="Correct Score"/>
        <bet id="792" name="HT/FT"/>
        <bet id="793" name="Goalscorer"/>
        <bet id="794" name="Multi Scorers"/>
        <bet id="795" name="Draw No Bet"/>
        <bet id="796" name="Results/Both Teams To Score"/>
        <bet id="797" name="Handicap Result"/>
        <bet id="798" name="Alternative Handicap Result"/>
        <bet id="799" name="Winning Margin"/>
        <bet id="800" name="Asian Handicap"/>
        <bet id="801" name="Goal Line"/>
        <bet id="802" name="Alternative Asian Handicap"/>
        <bet id="803" name="Asian Handicap First Half"/>
        <bet id="804" name="Alternative 1st Half Asian Handicap"/>
        <bet id="805" name="Alternative 1st Half Goal Line"/>
        <bet id="806" name="Team Goalscorer"/>
        <bet id="807" name="Goals Over/Under 2nd Half"/>
        <bet id="808" name="Home/Away"/>
        <bet id="809" name="HT/FT Double"/>
        <bet id="810" name="Win Both Halves"/>
        <bet id="811" name="Total - Home"/>
        <bet id="812" name="Total - Away"/>
        <bet id="813" name="Handicap Result 1st Half"/>
        <bet id="814" name="Double Chance - 2nd Half"/>
        <bet id="815" name="Win To Nil"/>
        <bet id="816" name="Exact Goals Number"/>
        <bet id="817" name="To Win Either Half"/>
        <bet id="818" name="Result/Total Goals"/>
        <bet id="819" name="Win to Nil - Away"/>
        <bet id="820" name="Away win both halves"/>
        <bet id="821" name="Home Team Score a Goal"/>
        <bet id="822" name="Away Team Score a Goal"/>
        <bet id="823" name="Corners Over Under"/>
        <bet id="824" name="Own Goal"/>
        <bet id="825" name="Correct Score 2nd Half"/>
      </match>
      <match id="12" name="Midtjylland - Randers" starts="1571677264">
        <bet id="866" name="3Way Result"/>
        <bet id="826" name="Over/Under"/>
        <bet id="827" name="Total Goals/Both Teams To Score"/>
        <bet id="828" name="Both Teams To Score"/>
        <bet id="829" name="Teams To Score A Goal"/>
        <bet id="830" name="Both Teams To Score - 1st Half"/>
        <bet id="831" name="Both Teams To Score - 2nd Half"/>
        <bet id="832" name="To Score In Both Halves By Teams"/>
        <bet id="833" name="Goals Over/Under 1st Half"/>
        <bet id="834" name="1st Half Exact Goals Number"/>
        <bet id="835" name="Total Goal Minutes"/>
        <bet id="836" name="Team To Score First"/>
        <bet id="837" name="Early Goal"/>
        <bet id="838" name="Late Goal"/>
        <bet id="839" name="Time Of 1st Goal Brackets"/>
        <bet id="840" name="Over/Under 2nd Half"/>
        <bet id="841" name="2nd Half Exact Goals Number"/>
        <bet id="842" name="Highest Scoring Half"/>
        <bet id="843" name="Home Team Highest Scoring Half"/>
        <bet id="844" name="Away Team Highest Scoring Half"/>
        <bet id="845" name="Clean Sheet - Home"/>
        <bet id="846" name="Clean Sheet - Away"/>
        <bet id="847" name="Team Total Goals"/>
        <bet id="848" name="Home Team Exact Goals Number"/>
        <bet id="849" name="Away Team Exact Goals Number"/>
        <bet id="850" name="Time Of 1st Team Goal"/>
        <bet id="851" name="Odd/Even"/>
        <bet id="852" name="Home Odd/Even"/>
        <bet id="853" name="Away Odd/Even"/>
        <bet id="854" name="Odd/Even 1st Half"/>
        <bet id="855" name="Team To Score Last"/>
        <bet id="856" name="First 10 min Winner"/>
        <bet id="857" name="3Way Result 1st Half"/>
        <bet id="858" name="Double Chance - 1st Half"/>
        <bet id="859" name="Halftime Result/Both Teams To Score"/>
        <bet id="860" name="Halftime Result/Total Goals"/>
        <bet id="861" name="Correct Score 1st Half"/>
        <bet id="862" name="1st Half Handicap"/>
        <bet id="863" name="Alternative 1st Half Handicap Result"/>
        <bet id="864" name="3Way Result 2nd Half"/>
        <bet id="865" name="Odd/Event 2nd Half"/>
        <bet id="867" name="Double Chance"/>
        <bet id="868" name="Correct Score"/>
        <bet id="869" name="HT/FT"/>
        <bet id="870" name="Goalscorer"/>
        <bet id="871" name="Multi Scorers"/>
        <bet id="872" name="Draw No Bet"/>
        <bet id="873" name="Results/Both Teams To Score"/>
        <bet id="874" name="Handicap Result"/>
        <bet id="875" name="Alternative Handicap Result"/>
        <bet id="876" name="Winning Margin"/>
        <bet id="877" name="Asian Handicap"/>
        <bet id="878" name="Goal Line"/>
        <bet id="879" name="Alternative Asian Handicap"/>
        <bet id="880" name="Asian Handicap First Half"/>
        <bet id="881" name="Alternative 1st Half Asian Handicap"/>
        <bet id="882" name="Alternative 1st Half Goal Line"/>
        <bet id="883" name="Team Goalscorer"/>
        <bet id="884" name="Goals Over/Under 2nd Half"/>
        <bet id="885" name="Total - Home"/>
        <bet id="886" name="Home/Away"/>
        <bet id="887" name="Total - Away"/>
        <bet id="888" name="Home Team Score a Goal"/>
        <bet id="889" name="HT/FT Double"/>
        <bet id="890" name="Win to Nil - Away"/>
        <bet id="891" name="Win Both Halves"/>
        <bet id="892" name="Handicap Result 1st Half"/>
        <bet id="893" name="Double Chance - 2nd Half"/>
        <bet id="894" name="Win To Nil"/>
        <bet id="895" name="Home win both halves"/>
        <bet id="896" name="Exact Goals Number"/>
        <bet id="897" name="To Win Either Half"/>
        <bet id="898" name="Result/Total Goals"/>
        <bet id="899" name="Away Team Score a Goal"/>
        <bet id="900" name="Corners Over Under"/>
        <bet id="901" name="Own Goal"/>
        <bet id="902" name="Correct Score 2nd Half"/>
      </match>
    </event>
  </sport>
  <sport id="27" name="Badminton"/>
  <sport id="76" name="Rink Hockey"/>
  <sport id="22" name="Ski Jumping"/>
  <sport id="33" name="Waterpolo"/>
  <sport id="23" name="Martial Arts"/>
  <sport id="32" name="Table Tennis"/>
  <sport id="19" name="Rally"/>
  <sport id="28" name="Field Hockey"/>
  <sport id="63" name="Nordic Combined"/>
  <sport id="49" name="Beach Volley"/>
  <sport id="26" name="Athletics"/>
  <sport id="65" name="Curling"/>
  <sport id="73" name="Australian Rules"/>
  <sport id="57" name="Indy Car"/>
  <sport id="90" name="Pesapallo"/>
  <sport id="58" name="Beach Soccer"/>
  <sport id="59" name="Endurance Racing"/>
  <sport id="31" name="Swimming"/>
</betpress>
