<?xml version="1.0" encoding="UTF-8"?>
<betpress last_update="1577833206">
  <sport id="2" name="Tennis"/>
  <sport id="3" name="Formula 1"/>
  <sport id="4" name="Basketball"/>
  <sport id="5" name="Rugby Union"/>
  <sport id="6" name="Cycling"/>
  <sport id="7" name="Golf"/>
  <sport id="8" name="Volleyball"/>
  <sport id="9" name="Handball"/>
  <sport id="11" name="Cricket"/>
  <sport id="13" name="Ice Hockey"/>
  <sport id="14" name="American Football"/>
  <sport id="15" name="Motorcycling"/>
  <sport id="16" name="Boxing"/>
  <sport id="18" name="Alpine Skiing"/>
  <sport id="20" name="Baseball"/>
  <sport id="21" name="Sailing"/>
  <sport id="24" name="Nascar"/>
  <sport id="52" name="Rugby League"/>
  <sport id="53" name="Darts"/>
  <sport id="54" name="Snooker"/>
  <sport id="55" name="Speedway"/>
  <sport id="56" name="Futsal"/>
  <sport id="61" name="Cross-Country Skiing"/>
  <sport id="62" name="Biathlon"/>
  <sport id="88" name="Bandy"/>
  <sport id="89" name="Floorball"/>
  <sport id="1" name="Football"/>
  <sport id="27" name="Badminton"/>
  <sport id="76" name="Rink Hockey"/>
  <sport id="22" name="Ski Jumping"/>
  <sport id="33" name="Waterpolo"/>
  <sport id="23" name="Martial Arts"/>
  <sport id="32" name="Table Tennis"/>
  <sport id="19" name="Rally"/>
  <sport id="28" name="Field Hockey"/>
  <sport id="63" name="Nordic Combined"/>
  <sport id="49" name="Beach Volley"/>
  <sport id="26" name="Athletics"/>
  <sport id="65" name="Curling"/>
  <sport id="73" name="Australian Rules"/>
  <sport id="57" name="Indy Car"/>
  <sport id="90" name="Pesapallo"/>
  <sport id="58" name="Beach Soccer"/>
  <sport id="59" name="Endurance Racing"/>
  <sport id="31" name="Swimming"/>
</betpress>
